{
    "combined": {
        "mean": [
            0.4392789168384732,
            0.41298064640299276,
            0.40586610452853794
        ],
        "std": [
            0.26687873334710743,
            0.26582383627192935,
            0.26433480917175606
        ]
    },
    "datasets": {
        "mvtec": {
            "mean": [
                0.4392081469247128,
                0.4057762413947969,
                0.3954559458357919
            ],
            "std": [
                0.254475771179803,
                0.2531387880270252,
                0.25195081572906564
            ]
        },
        "casting": {
            "mean": [
                0.5625758073866404,
                0.5625758073866404,
                0.5625758073866404
            ],
            "std": [
                0.23901316079970444,
                0.23901316079970444,
                0.23901316079970444
            ]
        },
        "magnetic": {
            "mean": [
                0.21508419686623548,
                0.21508419686623548,
                0.21508419686623548
            ],
            "std": [
                0.2597865884483304,
                0.2597865884483304,
                0.2597865884483304
            ]
        }
    },
    "imagenet": {
        "mean": [
            0.485,
            0.456,
            0.406
        ],
        "std": [
            0.229,
            0.224,
            0.225
        ]
    },
    "recommended": {
        "mean": [
            0.485,
            0.456,
            0.406
        ],
        "std": [
            0.229,
            0.224,
            0.225
        ]
    }
}